Id,FullName,AddressString,PhoneNumber
78752594,Виталий Михайлович Панов,"Сахалинская область, Тула, пр. Горная, 922",(929)467-81-77
19145364,Оксана Александровна Дементьева,"Республика Бурятия, Сочи, площадь Садовый, 065, кв. 650",(965)116-29-50
28565905,Лидия Львовна Шилова,"Пермь, Сосновая ул., 395",(930)087-86-22
41846332,Анна Данииловна Кондратьева,"Ульяновск, проспект Коммунистическая, 418",(955)741-41-85
76054911,Оксана Викторовна Крылова,"Иваново, пл. Луговая, 829",(959)140-19-03
05582117,Арина Георгиевна Романова,"Республика Карелия, Астрахань, Пионерская проспект, 364",(960)873-89-51
53353287,Егор Дмитриевич Аксенов,"Владивосток, улица 8 Марта, 106",(948)215-26-47
41044099,Татьяна Данииловна Алексеева,"Таймырский (Долгано-Ненецкий) автономный округ, Иваново, ул. Октябрьская, 941",(923)602-62-51
69176307,Раиса Михайловна Сидорова,"Курск, площадь Механизаторов, 352, кв. 502",(950)381-37-30
36977582,Кира Кирилловна Агафонова,"Оренбург, Красноармейская пл., 668, кв. 511",(927)743-67-82
82452450,Валентина Михайловна Харитонова,"Сочи, улица Садовый, 659",(933)248-40-71
19717056,Степан Фёдорович Гущин,"Ярославль, Железнодорожная ул., 420, кв. 144",(924)373-07-44
07070555,Денис Иванович Федоров,"Чебоксары, Центральная пр., 906",(974)360-67-25
36867178,Сергей Владимирович Гаврилов,"Белгород, Калинина ул., 185, кв. 539",(928)684-70-78
61912293,Василий Маркович Филатов,"Нижний Новгород, пр. Южная, 271",(920)107-88-16
49789869,Дарья Алексеевна Копылова,"Магнитогорск, Некрасова улица, 418",(957)452-08-26
18835641,Вадим Евгеньевич Сысоев,"Красноярский край, Оренбург, Коммунальная ул., 010, кв. 718",(904)158-04-57
30830232,Олег Степанович Уваров,"Уфа, Спортивная пл., 437, кв. 696",(901)711-54-42
32010516,Борис Павлович Козлов,"Республика Карачаево-Черкессия, Сочи, Заречная ул., 638",(994)483-45-14
56527906,Зинаида Романовна Кабанова,"Магаданская область, Казань, Восточная улица, 493",(923)353-09-87
84339916,Виктория Максимовна Орехова,"Магаданская область, Тула, проспект Зеленая, 576, кв. 549",(952)203-83-28
33559132,Ксения Елисеевна Евдокимова,"Республика Марий Эл, Пермь, Калинина улица, 428, кв. 592",(971)918-99-36
44249177,Алексей Александрович Антонов,"Иваново, Строителей пр., 434, кв. 699",(980)487-69-23
74062652,Арина Тимофеевна Молчанова,"Амурская область, Саратов, Северная пл., 892",(913)269-86-81
68248393,Виталий Олегович Колесников,"Иваново, Куйбышева ул., 665, кв. 823",(902)855-19-16
95646598,Кира Анатольевна Дементьева,"Новосибирск, Гагарина проспект, 190, кв. 055",(912)228-70-86
40196795,Лариса Максимовна Киселева,"Ярославская область, Нижний Новгород, Больничная площадь, 111",(956)228-04-90
68274194,Леонид Фёдорович Захаров,"Пермь, пр. Совхозная, 111, кв. 737",(973)631-53-73
18291878,Лука Маркович Миронов,"Махачкала, Нагорная площадь, 458",(930)255-88-80
61813297,Лаврентий Макарович Михеев,"Нижегородская область, Уфа, Майская ул., 194",(983)169-48-80
17939962,Елена Платоновна Родионова,"Брянск, Мира пл., 087",(935)862-45-48
93426479,Ирина Степановна Мамонтова,"Тольятти, Горького улица, 774",(941)118-55-66
29647108,Лука Русланович Максимов,"Ненецкий автономный округ, Томск, пл. Лермонтова, 775, кв. 108",(918)138-43-29
90501790,Максим Ильич Дементьев,"Оренбург, Шевченко ул., 520, кв. 072",(985)498-55-34
06466918,Анна Ивановна Зыкова,"Мурманская область, Оренбург, Энергетиков площадь, 766",(910)304-67-75
65897800,Клавдия Александровна Сазонова,"Астраханская область, Киров, улица Энергетиков, 248, кв. 152",(971)042-44-46
60396114,Лидия Никитична Анисимова,"Псковская область, Пенза, ул. Спортивная, 099, кв. 991",(960)155-18-93
12445242,Варвара Матвеевна Волкова,"Магнитогорск, Горная проспект, 606, кв. 330",(952)878-90-68
91053653,Алина Максимовна Логинова,"Рязанская область, Барнаул, ул. Чапаева, 498, кв. 791",(982)969-76-33
63501100,Виктория Данииловна Алексеева,"Таймырский (Долгано-Ненецкий) автономный округ, Чебоксары, Строительная проспект, 632, кв. 035",(931)183-00-80
00572719,Елизавета Дмитриевна Титова,"Казань, проспект Карла Маркса, 905",(973)516-94-90
49081002,Георгий Ярославович Медведев,"Ростов-на-Дону, пр. Коммунальная, 763",(952)029-60-35
19947798,Таисия Сергеевна Журавлева,"Челябинская область, Тула, Матросова проспект, 671",(991)911-65-67
74615145,Константин Маркович Щукин,"Чебоксары, пр. Мира, 292",(939)261-95-12
83040345,Елизавета Александровна Юдина,"Владимирская область, Уфа, улица Строительная, 037, кв. 580",(985)604-21-78
67152828,Илья Николаевич Герасимов,"Республика Башкортостан, Санкт-Петербург, проспект Пролетарская, 107",(974)265-55-49
45254849,Валерия Фёдоровна Романова,"Тольятти, ул. Нагорная, 977, кв. 822",(999)192-09-93
65664246,Клавдия Андреевна Большакова,"Саратовская область, Рязань, Пионерская пл., 951, кв. 114",(976)505-65-73
52543826,Зоя Фёдоровна Потапова,"Магаданская область, Тольятти, Свердлова пр., 496",(963)515-42-58
54225325,Леонид Игоревич Потапов,"Корякский автономный округ, Сочи, улица Новая, 129, кв. 422",(992)258-88-63
32391972,Вячеслав Романович Белозеров,"Ульяновск, пл. Комсомольская, 761",(959)685-52-96
10580450,Эдуард Игоревич Бобров,"Саратовская область, Тюмень, Чехова площадь, 824, кв. 245",(969)212-72-52
37623672,Макар Никитич Лукин,"Иркутск, Спортивная ул., 987, кв. 221",(959)876-90-02
11368775,Игнатий Семёнович Гришин,"Ивановская область, Ростов-на-Дону, ул. Ленина, 654",(955)627-18-47
26954266,Людмила Максимовна Смирнова,"Астраханская область, Киров, Лесная улица, 577, кв. 548",(969)824-32-14
38274648,Владислав Степанович Воробьев,"Москва, Свердлова улица, 940, кв. 871",(960)719-81-93
56196832,Людмила Ивановна Жданова,"Кировская область, Тольятти, пл. Школьный, 711",(909)387-05-13
13205486,Евгений Глебович Аксенов,"Новокузнецк, пл. Весенняя, 300",(989)834-70-80
04127459,Виктор Владимирович Громов,"Республика Карелия, Челябинск, проспект Островского, 090, кв. 347",(908)747-80-72
17646790,Валентин Иванович Комаров,"Ростов-на-Дону, проспект Чапаева, 725",(923)536-51-07
56339790,Оксана Максимовна Новикова,"Краснодар, площадь Коммунистическая, 742",(921)118-05-56
32751126,Борис Александрович Сидоров,"Калиниградская область, Хабаровск, проспект Восточная, 307",(924)626-75-82
89689851,Валентина Никитична Баранова,"Республика Карачаево-Черкессия, Санкт-Петербург, Подгорная ул., 400",(928)374-42-09
07111181,Нина Тимофеевна Артемьева,"Екатеринбург, Цветочная площадь, 900, кв. 012",(941)942-99-01
75141508,Дмитрий Артемьевич Кузнецов,"Тольятти, пр. Кирова, 343, кв. 052",(907)914-38-05
76811972,Станислав Васильевич Соловьев,"Санкт-Петербург, Лесная проспект, 193",(987)979-28-15
36951100,Лука Никитич Андреев,"Сахалинская область, Москва, Крупской площадь, 360",(955)938-20-39
60937901,Антонина Борисовна Селиверстова,"Владимирская область, Иваново, Гагарина площадь, 218",(940)726-63-06
25426957,Лидия Данииловна Ларионова,"Хабаровск, Пролетарская пр., 644, кв. 658",(947)060-86-90
98018283,Алёна Семёновна Некрасова,"Ярославль, Шоссейная проспект, 730",(982)740-73-62
83356660,Алла Максимовна Киселева,"Воронеж, пл. Набережная, 438, кв. 213",(940)183-59-63
65739691,Игорь Павлович Зимин,"Воронеж, Колхозная пл., 528",(912)503-33-06
93491865,Сергей Маркович Зиновьев,"Чебоксары, пл. Первомайская, 293",(927)867-23-18
39863990,Вячеслав Львович Яковлев,"Корякский автономный округ, Волгоград, Космонавтов пл., 274, кв. 715",(971)563-05-11
72059352,Борис Богданович Агафонов,"Тюмень, ул. Коммунальная, 035, кв. 154",(946)689-22-50
94899527,Марина Егоровна Зуева,"Новосибирская область, Ижевск, площадь Береговая, 781, кв. 596",(916)090-75-67
82193310,Анна Львовна Мясникова,"Республика Карелия, Новосибирск, Мира улица, 969",(938)804-02-51
07994427,Варвара Фёдоровна Калашникова,"Киров, пр. Речная, 789",(981)748-61-30
76921536,Вячеслав Павлович Максимов,"Орловская область, Владивосток, улица Куйбышева, 934",(981)887-86-19
66458662,Геннадий Никитич Лаврентьев,"Саратов, Школьный пр., 806",(936)913-38-90
07820444,Герман Петрович Орехов,"Красноярский край, Саратов, пр. Комсомольская, 792",(990)931-33-77
70116248,Анжела Георгиевна Воронцова,"Республика Калмыкия, Тула, Клубная проспект, 169",(929)605-44-20
58434554,Вячеслав Алексеевич Самсонов,"Тамбовская область, Ярославль, пл. Юбилейная, 188",(949)076-46-33
62798604,Станислав Григорьевич Горшков,"Республика Коми, Омск, Чехова пр., 087, кв. 110",(990)666-00-37
07977722,Денис Ярославович Сидоров,"Ярославская область, Саратов, площадь Крупской, 488, кв. 649",(961)094-90-57
19222909,София Филиповна Гаврилова,"Краснодар, Калинина пр., 481, кв. 433",(986)968-89-69
80818152,Алла Ивановна Исакова,"Камчатская область, Ульяновск, проспект Школьная, 473",(950)019-94-69
61536074,Андрей Даниилович Панфилов,"Владимирская область, Ульяновск, Карла Маркса ул., 573",(937)051-65-88
11730183,Юлия Артемьевна Крылова,"Республика Хакасия, Волгоград, площадь Ломоносова, 453",(985)148-68-62
14837342,Нина Владимировна Русакова,"Республика Саха (Якутия), Санкт-Петербург, Комсомольская ул., 853",(984)715-16-69
98394666,Анжела Данииловна Колесникова,"Санкт-Петербург, 40 лет Победы пл., 024, кв. 061",(953)586-96-36
77098536,Константин Иванович Хохлов,"Владивосток, Партизанская ул., 790, кв. 469",(976)415-80-96
80570629,Клавдия Георгиевна Ширяева,"Нижний Новгород, улица Дружбы, 423, кв. 010",(942)553-22-03
45740023,Наталья Тимофеевна Воронцова,"Новосибирская область, Новокузнецк, улица Центральная, 713",(954)771-47-56
81631801,Юрий Родионович Киселев,"Ставрополь, Речная проспект, 597, кв. 003",(911)030-98-51
42119654,Вадим Иванович Тетерин,"Пермь, пл. Речная, 372, кв. 358",(937)780-82-71
71046200,Марина Артёмовна Бобылева,"Владимир, пл. Южная, 261, кв. 175",(940)954-11-12
09760656,Лаврентий Ярославович Лазарев,"Курганская область, Ульяновск, Чапаева проспект, 145",(929)199-32-10
28994051,Валентина Алексеевна Васильева,"Кемерово, Дружбы пр., 740",(929)546-90-46
74449211,Денис Иванович Семенов,"Сочи, улица Садовая, 740, кв. 968",(956)714-74-12
46478661,Арина Никитична Ларионова,"Астрахань, Заречная улица, 208, кв. 797",(997)639-17-44
68276068,Клавдия Романовна Владимирова,"Амурская область, Владивосток, улица Чехова, 948, кв. 924",(994)830-31-71
75795317,Даниил Маркович Карпов,"Еврейская автономная область, Тольятти, проспект Чапаева, 309",(900)179-09-19
19741976,Наталья Георгиевна Егорова,"Ставрополь, пр. Зеленая, 364, кв. 708",(919)649-16-33
59722350,Галина Данииловна Лебедева,"Ростов-на-Дону, ул. Вокзальная, 749",(933)278-38-98
88051336,Валентина Никитична Князева,"Архангельская область, Чебоксары, пр. Луговая, 087, кв. 027",(942)706-67-73
72133213,Дмитрий Фёдорович Новиков,"Белгородская область, Иркутск, площадь Гоголя, 738",(901)261-32-94
08801612,Лариса Руслановна Миронова,"Еврейская автономная область, Новосибирск, пр. Юбилейная, 038, кв. 283",(918)970-53-93
49333625,Даниил Арсеньевич Чернов,"Вологодская область, Махачкала, проспект Колхозная, 966",(909)332-15-61
73800809,Василий Матвеевич Голубев,"Республика Ингушетия, Краснодар, Больничная пр., 911",(944)730-28-01
49326197,Елизавета Артемьевна Некрасова,"Белгородская область, Челябинск, Железнодорожная пл., 485",(952)684-62-60
63751815,Лариса Сергеевна Вишнякова,"Сахалинская область, Самара, пл. 40 лет Победы, 857",(911)207-26-70
46150998,Даниил Иванович Капустин,"Кемерово, улица Московская, 191",(969)329-33-83
25848478,Семён Лукич Рожков,"Иркутск, пл. Гагарина, 723",(900)709-16-14
75992519,Зинаида Демидовна Гущина,"Тамбовская область, Краснодар, Березовая проспект, 140",(915)110-29-34
08445256,Наталья Ярославовна Крюкова,"Барнаул, Южная ул., 399, кв. 849",(988)409-36-88
40744546,Оксана Сергеевна Никифорова,"Республика Северная Осетия-Алания, Ставрополь, пл. Школьный, 251",(930)744-75-02
67786302,Ольга Степановна Смирнова,"Магнитогорск, улица Маяковского, 897, кв. 048",(916)268-32-96
35068568,Иван Васильевич Филатов,"Сочи, площадь Школьный, 626",(936)751-59-59
19769774,Любовь Святославовна Петрова,"Краснодарский край, Новокузнецк, площадь Юбилейная, 265, кв. 094",(974)905-73-11
79935985,Олег Даниилович Зыков,"Москва, Дачная ул., 451, кв. 235",(986)021-12-68
42828004,Иван Александрович Белов,"Свердловская область, Курск, Лесной улица, 005",(919)149-79-55
42102667,Иван Маркович Селезнев,"Алтайский край, Нижний Новгород, улица Вокзальная, 111, кв. 132",(952)057-57-46
18681117,Ирина Богдановна Архипова,"Чебоксары, Кирова площадь, 248, кв. 933",(968)890-79-30
34896049,Валентин Матвеевич Муравьев,"Удмуртская Республика, Тольятти, площадь 40 лет Победы, 131, кв. 715",(962)438-39-48
03228762,Юрий Львович Стрелков,"Новокузнецк, пр. Свободы, 755, кв. 973",(970)730-52-83
75332228,Виктория Данииловна Гордеева,"Ульяновская область, Тольятти, Трактовая улица, 046",(969)216-90-80
98127023,Евгения Платоновна Коновалова,"Оренбургская область, Липецк, площадь Сосновая, 076, кв. 618",(940)837-48-88
96428586,Ксения Владиславовна Фомичева,"Ставропольский край, Пермь, Маяковского улица, 169, кв. 646",(964)126-54-26
64257001,Егор Елисеевич Беляев,"Магнитогорск, Свободы площадь, 550, кв. 302",(924)631-56-25
49249946,Ярослав Даниилович Веселов,"Саратовская область, Краснодар, пр. Шоссейная, 614, кв. 502",(923)531-39-16
03390373,Галина Дмитриевна Емельянова,"Амурская область, Астрахань, площадь Солнечная, 125",(912)792-82-48
38045796,Ульяна Михайловна Зыкова,"Республика Марий Эл, Тверь, Восточная ул., 208, кв. 295",(961)210-40-11
19470087,Никита Фёдорович Федотов,"Магаданская область, Ростов-на-Дону, пл. Сосновая, 864, кв. 196",(935)145-36-76
92301583,Владимир Даниилович Ефремов,"Тверская область, Владивосток, Дзержинского ул., 091",(901)875-62-54
39425944,Андрей Иванович Ларионов,"Липецкая область, Томск, Железнодорожная пр., 063, кв. 125",(921)586-01-43
15821129,Ангелина Александровна Смирнова,"Тюмень, пл. Дзержинского, 984",(987)426-42-77
50367960,Григорий Артёмович Блохин,"Республика Саха (Якутия), Астрахань, улица Красноармейская, 231",(987)224-75-60
32900781,Константин Даниилович Ларионов,"Челябинская область, Ижевск, Северная улица, 049, кв. 682",(979)634-82-15
31675895,Максим Никитич Трофимов,"Екатеринбург, ул. Набережная, 118",(964)169-31-01
